"X","M_1","M_2","Y"
2.75809741379115,0.683249982044242,1.80952908626739,4.56463512446322
4.07929004206688,1.29968997726725,3.86597968512083,7.62931917727885
11.2348332565965,5.89943638772159,10.3183533846945,20.5762481359144
5.2820335656983,2.80884164999242,6.5429947327324,11.4628856005513
5.51715094064379,0.50923269557146,4.40817146885314,12.3048029703816
11.8602599475331,7.27070342948594,11.36073853031,24.5303966766362
6.84366482395681,3.97155814796359,4.8887621902577,13.8539429877075
-0.0602449384261359,2.68608490393526,0.692821778583692,2.4655627944279
2.2525885924259,2.11149253426404,4.98317901917625,8.7856166671515
3.21735211960017,1.46171675083809,2.46616619589499,6.10718915170291
9.89632718975785,8.04555474183702,10.1306071673109,23.998647394306
6.43925530822946,6.35185367803023,8.50164780783137,16.5096393798887
6.60308580237621,2.38283108489792,6.39899804143954,10.9203933277173
5.44273086378048,3.49039738784566,6.48190226081957,13.8603947782226
2.7766354609837,1.4770708118597,2.47640763494757,5.55103689556241
12.1476525472123,6.56087742016017,13.1187151310143,27.7175812044152
6.99140191291696,4.02324368502729,5.71573343533771,13.800481752929
-2.86646862651855,-2.39513477612833,-3.15785987139818,-4.32784063855047
7.80542360625474,4.48830138336993,7.03339284512353,16.1876456270458
3.10883436908826,3.60366454768593,4.82685083402365,9.07460139891173
0.728705176052619,0.500262583891507,1.00323235272494,3.15674913801324
4.12810034136682,2.20112345998496,5.3109108588964,9.35188800654543
0.895982206771041,2.14656310972299,4.0648200554807,8.18477275868798
2.08443508283544,2.24061378210067,2.83413253393262,6.23853643623232
2.49984292860297,-0.0985733540797984,1.21252505556396,1.09617436892655
-1.74677324296965,-0.34482964822264,-2.20102449336065,-3.65184252346113
8.3511481779781,6.12912132366678,8.72102700596435,16.748469329806
5.61349247134606,4.52202258559217,6.21389400274191,10.6824857635864
0.44745225195221,0.943677729790335,3.07603754745435,4.26365261345001
10.0152596842797,6.02885064925275,8.88308660661062,20.9017288469621
6.70585688590725,2.45599323076494,4.81955725534018,10.7621707105926
3.81971406803092,2.50998860089683,3.5800307887205,6.68918133346255
8.58050264418009,3.63580238690222,8.57056845422532,16.5369582596142
8.51253395013217,4.09824890696914,9.01112126428824,16.0183553153261
8.28632432654995,5.37876584705458,7.59108178294622,18.0318947283044
7.75456101640036,3.04038739650904,7.18812887671932,15.6866008462031
7.21567061415035,4.17475355794824,7.19116393319203,13.3350863544826
4.75235315769311,3.1045086183181,6.29362863701257,11.0799708365718
3.77614934504033,2.2429866423598,5.06290932286039,10.67998911813
3.47811599595047,3.86124681981065,4.12179584319268,9.10718606512649
2.22117208431795,0.388238713583725,1.89953295914254,4.23087962979074
4.1683308879216,2.9902957053964,5.23097434898502,10.8374073164352
-0.0615854062730579,0.180276729412804,-1.6718133199414,-0.193533239301102
13.6758238613541,6.8770796868431,12.7703184843413,28.5076853035466
9.83184799321996,5.68001523046236,10.4546613828879,22.1097612197888
0.507565667186603,-0.466617757090629,-0.353568281332822,-1.34521005058245
3.3884606588037,0.680779412883443,2.7464021461213,5.65608579590397
3.13337858550712,1.37220841727014,2.95636092951298,6.8535109502856
8.11986047334527,6.11168738642808,8.04372748880779,17.7713596991183
4.66652373411268,2.68902664166886,3.61715211491708,6.48707353827212
6.01327405597902,3.6380714262174,5.90847359379607,11.9013506649369
4.88581297860519,2.55305985162505,4.41486840574836,11.1313292406204
4.82851817083474,3.18475181737119,5.98984320049751,11.8541811020165
10.4744091360578,4.58552502501177,11.4077193414908,20.1307172060574
4.09691605736293,3.50636849525011,4.70791087047579,10.3775851739441
11.0658824177182,6.41764646910043,11.4934801186936,23.3569769546096
-1.19501121692088,-1.10395843115215,-1.365943912717,-1.54150890559195
7.33845499854428,4.02378074508413,7.9103046997923,18.4321769978001
5.49541697537845,3.76404010718835,6.06915694486577,10.7979187377195
5.86376627497589,3.78961411954255,6.35969850430063,12.5824339191878
6.51855793103953,5.04121298139665,8.4078036828036,16.140081919782
2.99070618756279,1.18236533888655,1.69851373640223,2.56720051568364
3.66717046532232,3.24972184815155,5.88453066423944,10.6421830838121
0.925698467571645,1.79939724372704,2.03171120256148,3.43693435710396
0.712835094097689,0.49393441514599,1.04485598522479,4.98972243336363
6.21411456561703,2.43113058998663,5.0491794546816,7.97266005903902
6.7928391145177,2.60727436637434,5.97835921260878,14.6650246046356
5.21201690692202,3.36379541140598,5.84136282542189,13.1547469164903
8.68906987151895,4.57340820203858,6.19896732794429,16.6564813691325
13.2003387425086,8.67927203810574,13.018198995087,28.1603877037183
3.03587533577386,2.35307562838313,4.04624132276966,7.12920248189662
-4.23667550256325,-2.19028262644512,-4.28474413000379,-6.73302201398314
9.02295409784903,3.7859348004274,7.42845496867533,15.6126371523007
2.16319694967043,0.799196800229963,1.31457228063579,4.72690487388079
2.24796553413057,1.76687115996262,2.81633538952815,6.37636399623493
9.1022854787868,4.40020809233675,6.87338825798687,17.8994885063419
3.86090797179596,2.74468410612867,5.13332979796194,9.13967794149353
0.117129150981857,0.0242265233211468,-2.19172447453167,-2.06149794587276
5.7252139189966,3.05704705070382,5.08249979410242,11.8511410568864
4.44443455024382,1.79170760231408,3.24105725945688,8.4143459217119
5.02305674359955,4.71657195670848,4.60096546837066,13.138055515241
6.54112160450532,3.90318253372305,5.444678315891,13.5574966022033
3.51735987283036,2.28931357691463,3.98189378840473,8.44498850119451
7.57750619407533,2.3968906821536,6.47094824259206,14.8351365955838
4.118053752725,3.01881877591183,4.16110911916526,8.69840309606052
6.32712785566279,2.43994033895168,3.19611951529975,11.2137403272059
9.38735605259739,4.1021564519444,7.26547468014501,15.7830560007412
6.74072596333521,4.58870415268925,6.9684224269703,15.3231602922024
3.69627365787509,1.69543618242932,2.56927098341286,4.73840960449396
9.59523047380437,3.34924295689901,7.61483698677046,17.3348225511243
8.97401542384848,6.55691182181359,10.8147614918982,19.4650890175049
7.19358783803228,1.51938699362362,6.08835216680348,12.3682374827647
5.95492694044576,3.85027500008247,5.04535727455062,10.0059815594219
2.48837569584251,2.56143709700587,2.60701591909026,5.60633334618027
10.44260979412,4.89033703039948,9.5416015413778,19.4443311488546
2.59896165141149,2.0437678771173,2.19283239518808,6.44470878665441
13.7493319720663,7.61379637442171,12.4709715961132,26.5930712827051
11.1304425047408,6.90584440528489,11.2872474657605,22.784069243901
4.05719856359809,2.81269866975157,5.16170252086619,11.5447291468867
0.894316398772877,0.502274420293914,1.226695893212,4.62384856669193
2.1583737452028,2.29517893054161,2.53828937292542,7.20044325117238
6.02753483662612,4.11438977482283,6.8030715422954,12.1239351160907
4.01323248615051,1.37004720893946,4.46759654853173,10.0854349070769
3.60982960240907,0.704127367208802,2.82437905121755,4.87803616346068
1.19352573093994,1.05704040546315,1.96537393322999,3.77154014155866
4.81988910076432,2.43598217560698,3.43178326054395,9.78745536444048
1.8603821221717,0.244651948523552,1.24997770279621,3.00341230290004
-1.67176774635255,-0.451953193661241,-1.75854212232085,-2.87174538770892
3.47909391884895,0.719550432937569,3.11037191357909,6.66479902853955
8.67598643624306,4.79921956944773,8.96585175532129,18.9030170969801
2.69861214956643,1.0243776872413,2.36523757142008,5.8958509611639
7.43185728890013,4.97309291864255,6.94601091648259,13.6091179025
-1.47153083315666,1.98872372458321,-0.958395359381247,-0.557324136090398
4.77775213790184,1.77289682526413,4.63724758082564,9.903668856069
7.07762881577385,4.8964785788299,8.9950999979596,17.9044682120479
6.20461344866686,4.22745645210171,5.69110848569499,12.7413299263248
5.42270477659577,2.94115816399253,4.94319388608639,10.2085512486289
2.43717596677849,1.06494160933223,2.7022425976882,3.87961871502634
1.60118261586567,2.67589901477032,1.94869484342202,4.26574216193075
0.903484837580347,-1.25371539944607,0.239311232885704,0.540108829222261
5.4705863884005,2.39209840260659,5.07310394450745,10.1152744436932
1.21010154326079,-0.53179267202738,-0.172702005354487,1.70721705231786
3.03777022519733,3.21419855154474,4.74812380966264,9.57304821685839
3.97563123120701,2.09711218295865,4.8624365742695,7.38447908995982
12.3754480209288,5.96305281099474,12.8708934774705,25.9427924468213
2.39220039321817,4.68014467067541,5.50940885539103,10.8303606766932
5.94154628913943,3.22073587668209,5.31245237402381,11.6532933060448
5.31184339825484,2.5121723872609,4.5634464862497,10.3320850742255
1.15257346347949,1.17615198187589,1.7822172159145,3.21305948588769
4.71476765550561,1.08895920699783,4.63790603655963,8.74724099016291
10.7782034336934,6.17940435951876,10.3608558114974,20.9465274425728
6.80601621231686,3.60684490507846,6.2019545119205,14.2009280931969
5.16493168797176,3.35099096651603,4.71084898452813,9.41252410555975
3.3100126706415,0.972635699382897,4.53374879893992,7.10340788879632
-3.21298888616206,-2.32947828522897,-6.07281435017355,-10.0299766781894
9.5253488536567,4.36925976355217,8.76803824217351,17.5879681017848
-0.842560283699288,-0.889269714942426,-0.892392891301827,-1.95303042584882
7.95979004350934,5.57894498843826,7.29575496138274,16.1990754738036
12.6364142768699,8.19735270024306,13.4681348282332,26.8089101320332
-0.775572643887197,-0.244678274982666,-2.72903644040349,-3.02751855260165
7.80713734149884,3.84463211016474,8.53777794135467,14.8346121568221
3.95121004239013,1.9465661907734,2.00943348170213,6.77064392293365
-1.28857663658195,-0.275051840437959,-3.36253793393307,-2.96396116331988
-1.05867061512701,-0.132431073862448,-1.54720517589136,-3.35859822516198
-1.40614469429837,-0.113037959383616,-0.762531832397116,-3.07473792613788
2.87637391131879,0.991508014613138,1.89249186398914,7.77764314754569
-0.847022339983599,-0.970407558812119,-1.59333511219996,-1.90645531927885
7.75166709190331,5.37291120969774,8.57914804174474,17.7101451491973
13.4004357621027,6.45159051994802,11.5413092798086,25.2402723267863
-0.148121904140716,0.528984743155093,0.166372538342525,1.43980592043365
8.15095538990071,4.31850716114702,8.51264864572634,17.3179416630744
8.07616896400364,3.38023508985115,9.24082444210759,16.6507238801824
6.32881031580047,4.05546706731174,7.08529782408042,13.8541252542733
0.966493566891969,0.956351656938939,3.14096061667728,4.26048875508623
4.52218957347737,3.96087814295119,5.74444780979244,11.2806782984389
3.87841865931901,2.35666891428649,3.98966227915866,7.70539367895353
7.25195813288192,3.59443330824011,4.49139900526306,13.7894074241155
3.51024497558468,2.33341740109771,2.37675577633442,6.95991320661874
8.90789354674248,3.5683551243359,7.76884415877564,15.8316074595077
3.50167656893194,1.21494423107238,3.94214321522771,8.28773516943202
9.21084586231733,5.41569618229809,8.90067526427519,19.5489763114941
0.803291973335737,0.36852508544392,1.4445804074373,2.49877549920902
-0.0406209790324494,0.213728564131312,-0.991762890279674,0.184211994449206
17.9641597397696,9.16685816046286,16.9567982089846,34.5449062818382
3.33256964735827,1.31577220490461,3.32939149132796,6.71336307995007
6.19291036616286,1.37776652399901,4.72859622833134,9.33773916763523
7.54627869613539,4.42197431824429,7.71749711089839,14.7153824263551
3.06487749716503,2.59407825622937,2.80463054747162,6.63483806397608
7.06744817725444,2.54500785327709,6.7314973963021,13.9409406719399
6.47585810954034,5.02033177322878,7.05410618153025,13.9459744781265
4.13847796943323,2.75439380840385,4.32237720148674,9.14348838798561
5.26117213410126,4.2722263620445,3.77526787980237,8.47347927126636
4.86373098504614,1.77469502128078,3.65092376076608,8.20554848317318
13.5138075960647,7.22368508638661,11.5328993670505,27.4296672887005
2.03465561490869,1.21731384851553,0.366625991311514,1.80637711600096
0.616014931701344,1.37651489773245,0.676196490127405,0.995779301059176
5.15115359668432,2.29971723042946,4.67878792837359,9.94782860093285
6.24192299777255,3.41086382693381,6.48673826028837,14.0197260082176
6.74609391564073,1.89438780907642,6.96984856081708,14.7897025213182
3.16653866915558,1.10564789170729,3.35824134087739,9.90352575146307
0.746695464115236,0.798381615722728,2.13515500757635,4.45909673323424
10.052740704358,4.62004885979076,8.86800160654796,20.1011675571184
3.60139844818578,2.05712973828141,3.31091959236309,10.0287331751234
1.5379485493865,0.601048300768032,2.67077390782345,4.13357517236777
4.05488172423561,2.9343709982793,4.40693060843649,9.2147462393361
4.21129642260579,3.57413652005246,2.98670656859857,9.00547914138976
9.43968115885456,4.19733916661976,7.87523532350673,15.9537545644029
5.33894916878879,2.66243802579966,6.27683469686799,9.81524939117843
8.01621514073809,5.74786882873879,7.91347402944085,19.6519672851764
3.00283193131096,-0.397507288528229,2.37001725370839,4.10678180925692
5.8577812383264,2.90905282742247,5.67061824578843,11.4857560801725
3.70125635403666,4.21533246116167,4.25255231032187,8.62595472002869
5.37833411269429,5.1827571254114,6.07034740994468,13.5485213503517
1.41854656808983,1.16586860739507,2.10680950400432,4.93985559943562
-0.243206133311888,-0.685212017269582,-0.182313590171643,-0.544107833613827
12.9888535389919,6.95988418898637,14.0302767256766,27.7119080299511
7.40283529468967,3.34864325139782,6.73650456910325,15.6359797966978
-0.00508544649977605,1.7502745590416,-0.043951379258396,1.49361844447603
2.55533633327832,0.771185510936112,2.45682160050027,4.54450764702216
0.258079661610759,0.801951426014127,1.45749948470319,2.42665202339415
13.7952413955349,7.81747077233613,16.1755680143422,29.7738951774799
10.249651905734,4.66731579217117,9.09836291568531,19.8109033243741
3.93941977321459,3.12123456811348,4.05922219620786,8.10006559504881
7.17277623692836,3.13845814754787,7.66091497106153,16.6888298863588
3.34264020832456,2.60155993381626,5.15004285189023,6.38625800839346
3.09501242153769,2.9441678438724,3.0140425747471,7.93670192379879
1.84558864859903,0.234351401916309,2.24011525541633,3.54755282235062
2.62153093016196,2.71876050606058,2.67277863869708,9.01856039237305
11.6036298693468,5.61228206346097,9.97028584300675,21.8421742754353
4.78388749965824,2.98629713826609,5.62756681098409,11.7619032450512
5.47698094571034,3.24032794514394,5.67119818399038,12.3941326522912
5.97474971839637,2.86017847285998,6.14067800526389,12.8197239543747
9.92990351394135,5.53305462696846,9.17890592684903,20.6465147239191
2.93574467622088,0.537441412686602,4.39821773121736,9.52635302734519
1.02997139843185,0.678848827030961,1.89222120237025,4.54729608551409
11.7027877296128,6.97718469647155,11.3687010907475,24.516080961899
3.23534713237886,-0.256451083039885,3.00954127525676,7.79131366659517
2.10773612024051,-0.134058127238002,0.172420398266307,2.96076967731723
0.0549075244668282,-0.834483795363558,-0.430331770199149,0.436337468098081
-0.138862889271186,-1.35852113878102,0.867229096668234,1.84833937065805
2.70410608280805,2.07163608070038,2.82096905555105,6.63846661588658
7.47194326866611,3.04304328457705,7.85342133954991,16.2420486210232
9.43939255571887,2.85514919253046,7.89103518505954,16.5371589648882
7.83035341534235,3.57760794259073,4.84222232169816,13.418650865832
3.54537081161899,1.68205015433469,2.45455084517793,6.60219365534909
5.2389997495384,3.77628534854731,5.90045175688901,11.4996979449205
2.18161414527972,0.287054936641031,3.36186535204373,7.88478695776358
2.13112735370396,2.52685293259068,2.20247327638719,5.03256247199944
8.53860199590768,4.96766371358244,8.86443016644741,17.8625316818719
0.937629685585823,1.13116700042846,0.260623061696781,3.75266557268177
12.8211758619699,5.85806226067043,10.8857523682469,24.0442085023256
4.63872162413659,4.57302869196633,4.77857117512028,12.6572602847244
5.85815530651687,3.06480682116128,7.23908039920938,12.8117521521009
2.04588918104171,-0.50195299365748,2.31548702880245,3.90406788339455
2.70244524094692,1.44736614908096,3.3684264162528,6.26083540272193
-0.268064529220967,-1.76847633534253,0.25512547065418,-1.70886086948153
4.26829844650909,2.12363910746787,3.68276096988344,8.13933275054268
6.67592961969786,3.21573780665931,7.21655426770059,13.4787646530862
6.29721737664552,4.13043837872617,6.80386355867365,15.1684509212949
1.87385405178099,2.24642321162799,1.38089842476659,4.24056545106317
1.84551211658399,0.496651093390842,0.7260155837943,2.82847692938341
2.99120512662856,2.6017114316893,3.5497575295957,6.6553591055868
10.9842426793854,7.21644444936146,11.6233851678967,24.3365462709654
0.45078551733702,-0.258751246174136,-0.0673200214782297,-1.28953398144963
4.28379362247921,1.78949244474027,2.89726138994039,4.068419474634
12.6094472867157,7.25550200651154,10.2543829694187,26.4259313176753
4.59610045868477,2.78109819928632,5.1755784481077,11.4122739267238
-0.439362815285575,0.629093552801496,-0.217806074349961,1.09161477341001
2.34092225890375,2.87514542399944,3.78029526473175,4.81628088081765
6.94183991561951,4.15800307738615,5.33780848505155,14.1648563559063
3.49758851332091,3.10049552683583,2.71989019389886,8.23004642596086
2.75249454580087,2.29915273523763,3.05385748754026,6.73677296688956
3.62433106348616,2.54578592155194,2.35582981602141,8.03722975332386
5.36198658855688,3.36707773246285,3.35568024242846,11.1746309653563
11.3940350845833,7.28834084674973,12.5819499312001,25.1653911947722
4.64573955144446,1.62060990201158,5.1532789107414,12.1613130952204
9.32319798460607,3.85641626314554,7.42148671459206,18.1377814281048
7.52301646260227,4.65345423469834,7.3935756457475,17.4339662496165
4.54544041797544,2.4530305448546,3.26095336932173,8.1648875558835
-1.13160801156239,-0.191798794096236,-0.43995539671351,-1.07367296954362
2.91553072978992,2.49904274206636,3.35774675078393,6.24671979783261
3.0405181874461,2.57355414157213,2.55873330594303,7.26824991282531
5.18861773104611,2.63163836216128,4.19621229452711,10.3232819884647
10.2007947106673,5.08785348633654,8.61619372786435,19.5774624801437
14.1723158953244,7.45975655667006,14.2305110934739,28.3043417197491
11.1903242359351,6.95817990726228,12.0404266513812,24.1851879251913
4.46739614268422,2.95971855802112,5.12115896274699,12.8409252547498
-2.02610958223055,0.719952719707919,-1.885479014865,-3.50083837586446
3.44488054371303,2.01480340143654,1.55403149025859,5.37610653791364
5.35682889229318,4.10408205136734,6.48578447975881,11.4009993118629
8.38005201626974,5.37302831915212,8.45778572883113,16.550990879364
8.85011187393708,5.33713939786861,8.92031642572162,18.4665396792981
7.73723771766586,4.58331956561139,8.94306696853252,17.0189974230343
-0.58109739919787,-0.270431096741453,-1.424851145651,-2.14978448556815
8.39857218253342,4.39024858209748,9.43254167707565,17.4136812332139
3.21377113429111,2.13628106285402,2.96326968069657,6.78377594990945
5.69921080064502,3.1984942910018,4.9041881020208,12.7530591586803
5.29820470869494,3.89232682273369,5.52858594925398,11.6203257922927
6.71266705988202,3.54701640675458,7.00139684702184,12.7597560179303
5.09869993130456,2.77897304406445,4.83063926416412,9.31105694382921
-1.66990039034265,-1.01926928273699,-2.569122857211,-6.16490963229157
7.94598385909377,4.13465560100356,7.41972979519756,13.9627176768933
6.5441062733987,3.50328749439551,3.63639392732507,10.2131078306333
3.93739349888711,-0.0450390244558601,2.27429308693336,4.49805660919494
5.47257804418672,1.67145732487904,5.26809613266316,9.24339201695231
5.53615458147385,2.99559038078497,5.28691764543889,13.871596159114
5.88407787424401,2.97675516225751,6.46439258758691,14.9126260248161
11.5633846639099,4.88082300374754,11.1693614439826,25.8089179936964
4.1237984842661,0.370361066090029,3.88205089302243,8.44689631263669
5.67226153553863,2.78176154785589,6.18311328833302,12.078169862837
9.67353549227637,5.79026351183246,7.854167762998,17.529824654278
9.21672409350768,6.6816006786814,9.89708285281636,19.4687947349863
9.58105244152143,5.05206942705138,11.1258454906582,20.6130958140754
2.69012799576177,3.1382488385086,3.02368026653868,8.79298905151514
13.0099309211713,6.88798761822163,13.1490281405934,27.674627309211
5.26680348372073,3.04893384611993,5.4689624657424,12.5322695505435
12.4674073788274,6.85852900276247,12.8691631142673,25.9467443942761
-0.403610744122846,-0.772382617322342,-0.867951958434729,-2.93183853979403
5.08393434541695,2.79024895981359,4.34074929553106,10.5396544243352
9.99965828387686,6.20827684073068,10.2830561478814,21.2219088981557
2.13903125110881,0.619789838702218,2.13581310890103,4.14058073354011
1.98924412712903,0.973015993676555,1.77511336717635,6.89381480243861
1.24584518557242,-0.224848157673042,0.894252282593267,3.21022384805032
0.789946882645054,1.04932563777188,1.63011276379733,2.95456693177199
3.2513618672784,2.35048071602822,2.69739138560029,4.65489446705193
6.32471669183593,4.11070569714205,7.83629995577404,14.7348969670821
-3.05684199168288,-2.44823102735834,-0.84306861003594,-2.98470725467343
5.84792173348917,3.33119590149935,7.48406902580042,14.3601022421684
9.94670018566628,4.32929240118329,8.72747669477972,19.2361934561634
13.1502960729617,6.87476338776485,10.7374129490199,26.0628789121
10.2047039688023,6.74497590440725,10.6753984831858,22.1157953678957
8.02709905518385,3.81002424065765,8.59228200162199,16.5257851597413
-1.90692159645732,0.0632225227101653,-0.347316488435808,-1.60494796353474
2.59397316797287,0.847317999902741,0.986718765349464,4.8530317360873
3.59181417366953,1.61737887638446,2.19849599794315,5.99930730575795
7.81409561102758,4.64576955610041,8.03987080413491,17.6869833171306
4.5773146639849,1.90954506153458,4.94758227547126,8.28658247280249
-0.0345945122406874,-1.42026209126578,0.325877626039634,-1.61182102677477
11.7377428323765,7.43403985140156,12.9314710851972,26.1418024833873
8.64556516718385,4.98313982147177,7.57869248660144,18.1396190541571
5.9497210899641,2.69122110442196,4.16654975336587,10.1352208134271
9.87243444130324,3.24213843332102,6.41800156981757,15.4265264119694
-0.35509714893989,2.02466119692936,1.41918856170736,-0.699262695748348
7.6432811911592,7.51201141685114,10.1172252645834,20.6765195902282
2.90835049474631,1.96165565472861,3.48610893139427,6.05774585239769
7.73498208740285,5.01729769121261,6.85809941617586,16.3537436466278
4.7567121813597,3.90291640275401,7.10564515327308,14.75485429223
7.5318428521258,3.36411699252429,6.64718720595048,13.9313101074579
10.3420704602376,5.11983900056224,11.8563110200927,23.3523101444755
5.0291603612676,1.0874591439886,4.77068403047025,9.2863644748733
9.07023454780837,4.09853904163231,9.80777541387609,19.4846344985686
0.246263859408084,1.04554171259016,1.15881800680458,0.98031305886921
2.11358223825594,1.0660751298871,2.04142768081284,5.1691840951823
11.0768708455527,5.62422388859328,9.552118660973,22.8988916578126
6.50955189209572,3.44221639454534,5.76342891252918,15.1161115984254
-3.20889128173492,-3.16811262336306,-3.78209882880004,-8.79672633115431
-0.456149808329501,0.90955503006692,0.545754123986356,1.81241389299293
4.19687593764352,0.954945079886336,3.47874456272942,6.95170889958419
8.46311761733795,4.32298864625333,7.98990746726047,17.6824687558813
4.59246697713911,2.15767002651072,4.59539596588901,9.39027533197011
7.49674988808261,3.82978112718511,6.68580623839311,14.5148542826091
8.8360215111513,6.17797670031144,8.78467220598817,20.0003276105849
11.6842193154518,5.56004973981051,9.45770321889986,22.5907800253406
5.22406693309985,2.12893587083803,5.75221340588371,11.4684995796213
4.7920723752764,1.17638219269436,4.09426736384234,9.28118710175138
-2.01294943656908,-1.51217279989579,-2.15713766231633,-3.50493463023749
5.39731037635131,1.83247048080792,3.97934202759747,9.83278721626711
2.71259976841775,2.06424608045717,2.75839162782836,6.50065612018237
1.10396166878364,-0.011023411616059,-0.328199678930912,2.17990784793724
4.28037507580984,2.74422957293306,3.31415025194539,9.40545218186496
9.05977269097463,4.68345885763939,6.67272336362468,17.516063900912
-2.97099395475433,-2.61905915728797,-2.20935669705874,-4.10828948733619
3.29088285117829,1.15483363986644,3.11959530611785,7.29244703998602
5.46654913433083,3.91838702222309,4.65732389203325,11.2322650291948
1.42716971978019,1.91666094584466,3.33751454088896,4.48813092223669
6.3356117699969,5.47337915929908,7.9586686703534,15.4296797703331
6.64571968246292,3.61927953283168,7.37826404618302,13.5846352064731
4.86785536289603,1.23810086746588,3.87820156412306,8.2693159141368
-4.86359277504011,-2.90021341453521,-5.21978085703991,-10.4591585272576
15.2858325834666,8.35140479657342,14.8679270145062,30.8846202787205
4.1788029701272,4.28953781995832,5.61509071092954,10.2416668059842
7.60477312635068,4.21239568661506,8.40944509905824,15.9329939623132
6.09506596414619,4.48791980720157,8.35892214345574,16.0185391732416
9.0986929392734,5.61742777432896,8.71782150010486,19.2517775103136
8.27063778549635,3.26722727063084,6.40593886219624,14.3573079488656
4.16082731508597,2.20930100527812,4.22817415537071,10.1749859935305
6.51267108883403,4.8615970807647,10.4139829063856,16.0303244056734
1.21836467550443,1.78527844734813,1.37401706693509,4.3617844993265
8.42769204359727,4.97764216336643,9.74845485176454,20.8861449800305
3.15584664446258,2.35503756760817,3.21920340438429,6.84556561018249
14.6670934151528,7.14214140736702,13.4116385327502,29.0545361576667
-1.60419558275275,-1.82148310472058,-2.71513729471552,-4.98981549826765
3.14405102813594,3.16745130489928,3.65219228165543,8.17626661545011
8.30151945103697,3.03054023385156,9.23229665061463,18.2473308412406
7.04053018751465,2.8813691740515,6.80108711090579,12.8854066765856
2.64207584594,2.25000291548984,3.61051658543973,6.5473423956427
1.01287703116991,-0.455756033804646,1.5037452765921,3.02888677044785
5.57790281884279,2.5370809961486,7.55198813543885,13.7802118023277
4.94277034733235,1.5885856668837,5.20741280286197,11.0622702187466
-2.16112494905624,-0.15989891679917,-3.06255941098608,-2.57784494293615
5.1382042685354,3.3154151509058,4.21758809441492,11.319465080483
5.76092126276983,3.6023453246586,4.18541692131717,9.74386030554065
5.69890558792737,3.59191756610932,2.75179124772065,9.87542477280882
0.779931829589274,1.24721166117358,2.68936543187115,3.81379644476084
6.90453311321052,4.39162304857578,6.5858884418246,14.5788709196207
10.514280547837,3.58847871724426,9.68870348758462,20.8851796339093
6.82494561271925,3.56365644499976,7.95906978986166,15.592699700694
0.457646118502628,0.641286871803215,0.177979754814929,1.59729682946813
3.25741812123238,2.65338526326395,3.5584209029662,7.75640677313651
6.38441447821443,2.30472116310193,6.10673251377796,12.9628457486612
2.41181747472692,1.00630854754755,2.53989365008201,3.9047931671141
-3.63058534006111,-2.58893566078171,-4.58762434298055,-8.59254920600895
8.53700328011284,5.6257418527661,9.69267039346928,21.3683423331237
1.68208955350193,2.4201173599603,3.08772044849821,6.81603787438336
2.70575891692687,2.44055618382267,2.8970151082465,5.58210160913919
11.0156024360181,4.58539783543208,8.75900162098383,18.4725541177401
1.90342028157838,1.70366225752584,2.98089228099323,4.57654032836497
8.38292616075718,5.64191226675951,10.3592760674163,20.6110249772121
-0.0427315152751016,0.446575223098908,1.81194479358517,2.88430099336506
3.58183038770409,1.52480586095607,4.32958222534577,7.49467306577877
4.70577592345409,1.56676972111569,3.64597943145821,8.04364285066635
0.325394302302578,-0.202605644408867,-0.358008422032233,1.49041815879846
2.46100694036436,2.24535182613152,2.29892753907632,5.51656310117987
4.88463378828674,2.31065579376144,4.22170389279519,9.52354287458773
7.68278387493572,4.36900687740795,8.4425563345377,17.2889724240677
-1.60218617370044,0.793852708820086,-0.34256753829104,-0.832541254740906
3.60098304315493,2.67882646204692,1.91810471629663,5.83234487113569
8.02562575418193,5.67748565856451,6.51003446441371,15.6904934862689
2.84476336008963,0.0208018773844088,2.07661778764716,3.36004730114637
5.90916768669177,2.97390756363209,5.88830378450943,12.8743272328004
6.96891428025773,3.84952515962106,4.36478079975211,13.9115973867768
6.07134006132673,3.91425932227188,5.40897575567133,12.8668209855716
7.61303071788553,2.93730873741379,6.92809313809312,15.5633687124731
4.50916535609048,3.36076753349253,6.54476402270372,11.2327183954801
3.34529394563152,2.28003704897809,1.3675686852766,5.60669867112473
-5.57259580811591,-2.22249189045324,-6.29305171668793,-11.1186529136961
4.62823592608211,3.1226027546461,3.71272899364048,7.70083773781073
6.72113878543995,3.54421095284298,6.76983831274319,14.2029636125639
7.1415953634726,4.79634378023541,7.8612117881042,16.7412578789759
2.77888659474699,2.33767307110499,2.86129899744496,7.52096996280761
12.1180116391006,6.2087964453826,9.91344481331673,24.4205723594247
6.1456976785153,4.41322585859835,5.91499364570913,11.6208086149765
5.50526343383554,3.34519040186395,5.00974501929538,12.1612772563774
10.0890671178741,6.0132849583765,9.94615004884138,21.9912486006815
2.12613511472296,0.76888991573726,3.75791323741955,5.79233298526859
3.19864550430115,3.4797545891365,3.33448156409726,8.8707537639087
14.5898099201991,7.59091601574954,14.1922157976667,27.8019527938189
5.04451674888355,3.67010114333525,4.69027412009651,11.2161944019238
11.5342736856332,5.96702031692392,9.79325110445691,18.3666513030021
-0.754026579658092,-0.356643196809645,0.0934024834899739,0.14132501710328
4.23793279182839,3.2034046411942,3.51256372725896,10.8955725187175
6.51369561454733,1.97223116268249,8.65443262010879,16.5336689805951
6.20015418082319,3.87844323820563,6.48114877728898,10.4286199314589
0.977454961956653,1.18229385397314,1.44164433404277,3.93085239380867
5.07703709850148,0.143189180126225,3.6523208269022,7.51496673787253
0.690317387552073,1.01353602230929,3.11800027648516,4.43656610254813
7.85081330097713,2.05698890314156,7.35438358369874,11.9744290611393
9.33910035944258,5.62935455661401,9.17595782179405,20.0693036625473
-3.89995078594965,-2.10388912635602,-4.96471890061468,-8.982605940418
9.94277384920057,4.57645009936539,8.20556620733391,19.0337661122589
0.0358220127660358,0.311064703210353,-0.58288047532964,-0.0387578360855808
6.81907707593053,5.08259058294925,8.75109251870214,15.6502742108992
7.63961055257043,3.48448219906732,6.98208875298497,15.3860932425118
4.20044068759427,2.95832363774591,3.68655181524113,9.66732625201335
2.41954417256083,1.85092995470229,3.59041132381203,6.84274664721774
5.6612840849682,1.95112341334254,6.5181585870734,12.7465659492718
6.75527480285781,1.93661538409494,5.03301542156949,11.0390901976726
8.53321127979482,2.57401986865827,6.8708320317389,16.5964907516678
-3.20934793560781,-0.753399756336016,-2.14343082769731,-4.87817268538223
-1.5455170722361,-0.507500597649348,-1.24094112957951,-2.85334330081518
10.7216093647527,7.51137638598699,11.8078178669537,25.4610607426294
9.18651538844619,5.46693280248614,11.149645551504,22.5019116058957
6.74115579563073,4.52027378889797,7.01252074185743,15.7331443420364
7.86071362844424,5.56474039955707,8.07609724540184,17.6605106552626
8.66869967056401,4.13363073731703,8.76886104503723,19.7209763009527
-5.64369119386272,-2.01174766870287,-4.9107366527693,-10.8544336165005
9.44110838655528,5.88934746352179,10.3439911700357,22.2614112319192
3.0600496137507,3.19937649487838,3.5953547105024,10.1607574287617
5.92246732252481,4.02388480758877,6.74554451540297,13.7888262953999
3.81936879646569,2.63083157127018,2.36885916483639,7.96883363302189
8.48785981631498,3.67570586088627,7.89464882599735,17.3325379453525
3.60611020417756,2.83261546304647,3.47274728843547,9.6422284107343
7.07401506355299,4.33727340419478,5.9108504135152,13.050768953578
3.43726008544408,2.65288029642895,3.3781460794046,8.95671514969554
0.628851163593977,1.03807062736924,1.4684255681656,0.896769839243062
9.84004204176106,5.01818297617053,9.59869817774051,22.5140560335457
7.9636000450971,4.20493412411453,8.53981923239847,16.3940701085505
11.8970489566258,6.93588859159442,12.9308677329042,25.437524121287
5.26061573031721,3.10193937208315,6.24471112996427,12.5005584364512
9.50001098331269,4.21989691732936,8.50301805286068,16.784288712378
12.9016762160763,6.46067898823249,10.9005410275069,24.1927614786736
3.87407153984413,0.917910045745558,2.96243663386007,6.88998115835539
-0.291804451020861,-0.812934128179343,0.775890800357623,0.0691366967838572
4.04259373144754,2.17668579558825,3.88453450840852,10.967720393692
4.14383504005847,0.573784963654308,1.48655619371845,3.35312680343824
5.60672201803728,1.41481853442706,5.27263622499638,10.4531752388125
11.8492199092771,7.32717515407465,12.368042755294,26.9215362459431
3.69542442997861,1.57109329077786,3.03168005566255,6.12410980318966
6.49201862321966,1.69431758205834,5.68226948042454,11.6575066340256
4.08926374041788,2.23176863077996,5.58469537018236,12.4686398800942
5.08180283410013,4.16197068427158,7.1673630291384,11.2724366868872
6.25623065402505,4.09036962394716,6.02261968689111,12.4152465776006
10.3128587841479,5.89781259042761,10.2796387921612,20.1025592194264
5.48527350996311,4.2263826672614,4.45338473117721,12.1875203275347
7.85136928012445,3.45418319896133,6.52252143700217,13.6845204092256
8.11544011913414,5.08740925091911,10.5335771460651,20.0863838008776
8.65909308342254,4.04246092593241,9.83040627542402,17.9251490115312
2.70242179126247,1.65197508199375,2.56550259706915,5.77904414797828
11.5075248567787,8.26822774772948,11.5276696137768,26.0693170417117
3.47617304282395,3.00752091712123,2.53379596165214,7.53027185437306
4.57686332940099,3.35643937841771,7.32068105892962,10.4351206988485
10.6162010708567,4.49977262361018,9.90731975872709,19.9663472527524
10.1763356245823,4.60193189229645,8.87105708305202,20.2424931270025
0.640032510355048,2.90413273543912,3.18596319671448,7.85405051015713
1.50771599833015,-0.0394427648082376,-0.0738645997178224,0.278237626063077
-0.432316237482457,0.298321256543844,0.7457598794013,0.72997841209407
5.72738877047933,4.05626544487674,7.72226219423636,14.3677984022964
5.65936347167386,4.14843970817919,5.90458710867747,11.9516032152217
6.45645874942025,4.61734138562936,8.52460085568056,14.4485532133594
7.20863085687423,3.7411864385519,7.72234139363809,17.6682797233177
2.59242861605993,0.77522761090997,1.55562545592898,6.21314372103068
1.02520563560514,0.505345584813932,1.70206074731277,1.46708247202459
9.10714022429962,3.95147210361034,7.67576822989708,14.8040202899598
8.00424521042529,4.92919134832763,7.58018485850859,16.3502378768658
-1.0366661493148,0.902021953768705,0.677167739643413,1.33784458471795
4.61941019660285,4.73691865079495,5.17886292814679,11.5441119814257
1.416208708974,1.37421873741872,1.75158534821563,5.38904253752107
-3.28300428216786,-2.21628351827761,-2.1853358507435,-5.71880999398338
5.60048052475257,4.12471512536951,4.75655549485315,10.3374560614428
4.68315316296565,3.54633547517813,6.90619820588426,14.4137609523157
4.61052292994768,2.36701276907101,6.75702344149118,11.4091150101676
5.86461016720493,1.67445017973015,5.71838158195617,11.0021333609159
8.52986065758635,5.32624022418709,9.19814686395449,18.4821748971952
5.82239001793355,4.3403394046084,5.79977888039513,13.0491218139774
2.53425662850589,1.27202048354701,3.05004743583626,3.2532660175854
2.06080299231488,1.86664431451546,1.92370386531428,5.81991901976536
4.47278882783528,2.26050393916713,4.67819094914503,10.510383558453
6.24006794631581,4.10234921829542,5.76393356250353,13.8960983232561
0.841278589191834,0.603348579881068,1.85781346700837,2.71371339537779
4.26276452463047,2.08670639839517,4.88779409149897,9.68042025334758
8.86906904067165,4.84615501853304,10.0987247465931,17.8699053096176
4.56687963506206,2.30003450254873,6.62726367948989,11.9297981462443
2.20631732962244,0.812141500356935,1.33940686283311,2.97733851199617
3.89621932629784,1.93217273190652,4.85624811581183,10.7271739142432
9.45859418144792,5.02114493839842,7.66159420440802,16.8640088105757
7.20017584485654,4.10758306314675,6.69068248846013,12.2754022938648
9.94670320032642,6.80577522178905,11.5055932041923,23.1030525978632
5.55639142864708,1.72019788337006,4.03734487633202,7.6541749024635
6.6411003859617,3.42093114242791,6.83944061125284,12.9075196014225
2.76617235060747,2.31460930308456,2.20313613368271,7.04936473082217
7.42148267572133,5.77276224130353,7.77403321913013,19.1442714809435
2.97466583124304,2.21334727823702,3.24406310189357,6.81218411562304
-0.682262018782978,-0.0548844258668887,-1.07857626912818,0.11652264445482
5.5119718627365,2.74842902177189,3.19215751600349,7.77874003362513
12.7834048709257,7.10601059957116,12.8687946719139,28.6488470383465
8.20365735829225,5.39088659934251,9.06039355542081,18.4457074283719
9.66101355978504,4.94664846934647,9.48641975799002,18.7987214195235
6.43542289237261,3.68147285303286,5.90790995292012,13.6513936890447
2.5657712867351,1.79982198751194,3.78617491745702,6.06896892355799
4.19103657955887,3.12479592398909,5.78141279375331,10.9913659687169
3.9070075727523,3.36488419340084,1.90630945597212,7.48234153468343
3.12520088087165,2.14176125737546,4.59555356657991,9.82416392432039
7.81666913571886,4.13216389631225,5.68024782129047,13.6649473728474
0.210545990538353,1.79993612747775,0.768344858436753,1.98950049552214
8.46546452845109,4.69726638183113,7.15436793569613,16.6784548407814
8.45660994490357,6.10615695124527,8.37958907583973,19.5474616682058
0.205510563725007,0.340832624242953,1.86284585232565,4.82018568442696
7.55796799160213,4.69290695999475,8.32499580123135,18.7532385371913
14.720906609378,6.11436471044378,14.0051048761026,29.7022449268008
2.77113807223357,1.57317707477938,0.54059351347389,1.86365849225563
8.37961696563229,4.46801394285526,8.41569672438595,18.5954186948166
1.87119261752239,0.477250891344648,2.34014374719928,5.29353844791167
9.4428456728112,3.9855299519833,9.64979880469247,18.293056881236
5.99929887970625,4.24780874240494,5.35284150147409,11.9877654472935
11.6076615664927,7.01798951717405,12.7656552123656,23.8430322406972
-0.835882914147662,-1.41667345192029,-2.7281811219883,-3.48912978199531
4.79480845549856,3.12178302268362,6.92987475095476,12.5545598726823
2.89229929549761,0.633604327793719,1.5629139514773,2.49636403663039
4.2109405236948,1.35439703566584,4.56638370986557,6.89353081966431
2.48168502925598,2.06625496289435,3.22000948157534,6.83249162746005
1.66462567786,0.446288838836945,0.318421824546296,1.15379276164056
7.3148894984658,4.95092473135511,8.95456953627907,17.0225194333935
0.649677143692291,0.663362170921491,0.92316961293548,3.45787169248141
10.9361237262251,6.30421083889829,11.8076405801394,23.1472085649045
0.255173658744997,-0.0960398685136626,0.470612921269093,1.22254381282232
5.40431660558112,1.85093696784697,5.76383708548117,11.8603940716059
7.13195714730592,4.78073081465572,7.50658398342989,14.4803405384997
7.3469413563705,4.21154216974796,8.57538154899565,18.1135342073755
3.79301334453448,1.95743891281253,3.34642984617816,8.82107931361111
5.3180079813136,3.02823931720254,5.91674239559447,13.4239764830008
8.84505660723871,6.0484366462186,9.73218662264473,19.4526339104222
-0.825863668305703,-0.811098468772924,0.0445919526077625,-2.36440076608295
1.87304115387167,0.487112132472655,0.971538129493945,3.77848005886254
6.28160925726644,2.82118957592587,6.10318191570409,13.4531035776435
3.22087208665203,0.32544477511615,1.87915126116947,8.01164301807157
10.480015975884,6.35963612544574,11.6153308541485,25.2169837359682
7.69301545341934,4.33887737345392,6.95419448669791,14.9586545074196
5.28866700965902,3.15150547904744,7.28328221229946,11.9686581379936
-1.03102927014672,-0.258861989421047,0.1182572784298,0.371477696949493
5.10440090130497,2.34204000922837,4.82902185878844,12.7267553905427
3.73433652721203,1.34374964982979,4.71272651668972,7.1154121180783
4.59061394591761,3.44716337625148,4.94396141611599,9.75375252668557
0.273763091777258,-0.989303127031523,0.416571110527957,2.59757658216096
6.9946321753197,4.23761502962526,7.69606387755303,17.769356626429
0.844174238771868,-0.0705245313717495,1.12100197710579,2.37539414892543
4.09511207423036,2.62986625166065,3.62507092511155,6.67229690189495
6.52570331780541,2.82216113671255,4.70314418545875,10.9956044702768
1.86593684394781,0.709626739289874,-0.0887916203428107,3.73951566899366
7.33196562272026,5.73534872838714,7.59812430519635,19.229573899738
-0.266041606606771,0.835261815630127,1.08247429461304,1.74349882103735
-6.23909871584217,-4.96444638219674,-7.01253352404099,-14.5389611343855
6.85987196314341,3.85634839767202,5.50639854622166,13.6238100802169
8.362159307844,4.02926671766477,10.3402702364683,19.087385014366
3.85661830563446,1.09168296503956,4.11768466181738,6.85501825173831
7.01650501836643,4.01803839961441,9.1618526229559,17.4799554235851
0.376333899665314,0.618132465852019,2.00683995178515,4.64663572519957
4.49140557269735,2.21719621378059,3.68006497757748,8.75124517898851
-2.76607350416247,0.889666815256215,-1.84453136885709,-2.08823670547575
9.72472356575409,2.91367171606049,6.77939327796142,16.4319378722416
12.4396434461726,7.35804111036481,13.3012917659239,27.3915813250615
9.29604904112796,4.65900125010141,10.7227601312903,20.1263763926327
4.89061213434503,3.4018194777519,4.21180486703761,11.6816570439574
4.86667863089632,2.27934161480948,3.32392843753107,9.030647227511
-1.0642704926044,-0.825999808747296,-0.087043373995796,-1.528765058269
8.16154137555291,2.67039102138183,5.48014753441715,14.3201490508313
4.1570632772329,2.16908321034371,6.20825861278028,11.8632903304319
2.3730282985557,3.96525995063494,4.37309913989333,8.62398839935953
-0.648103170633235,0.965650622812752,-1.7572314672593,-4.23439777633743
3.80095001341491,3.87604716253428,5.08909937596324,12.4099750105242
1.60375545993317,2.01684304828062,2.34675039848562,4.20442889718831
3.41187791868865,3.15020166730618,1.34816049023201,5.91399508739491
0.12960004894561,1.26767643897191,0.778514420391536,4.00730576864599
11.7503579317828,6.6505713976565,11.0045494064225,21.5170757835978
4.93598989116812,2.18546617158705,3.67189931757823,7.73692776918982
9.29978030908954,4.4169554172213,9.08091242669908,17.8634778311319
-5.40679868103061,-4.00423933689059,-4.75089941264353,-12.0792496624915
3.18720868002065,1.88778662613033,5.17464910561508,10.163569103506
2.29807083363172,2.34839109267257,-0.0129132808264663,5.25326473013728
0.108295282536347,1.38607019779425,1.68681425726353,3.53746253356343
11.1864366168964,5.98835101290361,9.87709491581045,21.4042583346165
-0.661127679077961,-0.578191456760891,0.620078078183542,-0.32616271768828
6.2735610416321,6.72729796413458,8.23558955278338,16.2855705226427
8.38574514231877,5.22955810240981,10.1742535400945,18.8735115218478
5.71276075367209,4.57695568171518,4.75637293209573,12.6765083634969
1.49897809001794,0.711808404341645,2.0492832925751,5.06173851640824
8.76466322689667,4.64437398639374,8.88212652386263,17.7443756204074
5.68235232736335,3.5897832613884,7.02518673035991,13.9052083548079
0.746008374471827,2.34952649918421,1.54268375222388,1.03198667501563
-0.552196190408246,-0.287572640660251,0.828094876905716,0.721989220281499
13.3468697379726,7.82705053576936,12.866877121442,26.3997852934876
2.28598741832625,-0.651820925157103,0.902119585967402,4.0678448227011
-2.42228661567216,-1.41839774191771,-2.27688227032801,-2.91507269182316
7.13303745101461,2.57450964874399,5.2042036504617,9.79912457814886
6.24092102424358,4.53382322947889,6.23332752679223,14.9298065533617
-0.415337342890393,-0.072121759725454,0.994207191444655,0.34036946969119
-2.7718256543278,-1.47628690917064,-0.76140983787848,-3.48523074906862
4.53478993136558,3.93649481188136,6.46828050548778,13.3893822795788
9.55758516683769,6.19506544165887,9.42049064490838,21.1685497617106
7.54449614072859,3.1742268668968,7.318588606052,14.0440348837565
3.02825030335209,2.24199163928569,3.44910964582853,7.75607401587022
1.66324707366249,-0.0968210316810052,-0.169067784506138,1.05985375640683
6.08426702700218,2.86651848928991,6.07539519580127,14.0574067946526
5.62941338886463,4.73128433157927,5.49950887755589,10.9060921972036
7.51884698677091,5.5095514447159,6.95128197225573,17.0606675737753
3.41680819884441,3.11742285488904,4.84853317413811,11.1368954345689
8.5974162128124,4.02780422007587,7.35336838318964,13.2812170361432
1.67675389065501,-0.743054524948051,0.743746835423903,2.8422384657893
3.67782119952015,0.963212415735916,2.08499391296248,5.46110343223815
7.96325809490362,5.23418557207933,8.35291232091065,17.6610050092117
8.95988643450845,4.48937533108914,9.15818937816602,18.2798158095379
-2.75401880581352,-3.23961754847474,-2.89482215817323,-5.42180874777111
5.42876162806461,2.83419332631584,4.13444602785082,11.3784630898733
7.43511604693852,5.42779724459384,9.40232633018312,18.8786210030796
-0.803297253962525,0.541820013538271,1.4508708133442,1.3606866143757
6.92250239950087,2.93999265622101,6.82594947681294,13.4363970878223
1.68730291841281,-0.402265192858618,1.25320694913244,2.5679929708117
9.08101204865772,4.01395879869207,8.54876502705962,17.5943240609209
7.15392812841056,3.9114917355268,7.34679609818452,15.4282283582904
8.07620917998244,5.22617829090328,8.78050151903424,17.0096110994063
5.48287731714814,1.10149850378381,4.63926935473859,10.4240400756677
8.45459373663101,5.55049862358963,9.51267041544273,17.9574191383127
10.5220581132582,5.5664867832171,9.87933867427397,19.3678055600307
12.8649920618225,7.3022750005171,13.9989113648867,28.0817118578713
4.88641978100374,1.089954327267,4.02401991738843,9.18307435168336
-3.99620436132962,-2.36475656078699,-5.81098475151401,-8.11520021440335
5.12610401837597,2.41481781992246,4.78598931650266,11.2284555730117
5.8222448337999,4.25501376520898,6.79480076418368,14.0898696653062
4.37861861142241,3.51748335310662,6.27680954466606,12.5924330253566
7.2731544831083,4.37166770080249,7.44327346445367,14.4638730425311
9.04271185805706,6.42556811065241,7.50860623412805,16.9785243189186
2.92807027932871,1.24862393991899,2.77927610800749,4.63439348846732
3.82361869137556,3.2243465394617,3.06957323952952,8.30979303594203
6.59136883520136,3.55974438780996,5.4201141045312,13.5808088445423
2.79910503404345,1.03221042084532,1.44728897789461,5.74884105641827
5.36506953395294,3.90591480530731,4.92935645945689,13.3524670675181
-2.84683039554121,0.257685133078895,-0.513096710727036,-1.68959957115016
0.520401114409504,1.4384509733896,0.268824477283226,1.86750376590325
-0.311021902416501,-0.364914406630514,-0.78314158635507,-1.46612592521855
1.58550521309103,0.622964972390418,1.72392694289921,3.99859926609244
2.22678188827734,2.79106679094467,4.03369830540358,7.50916773028812
6.52922057018548,3.91743669151049,5.8957972338026,12.9899008014824
8.92845201009056,5.5937999843664,8.2379701489896,17.6007870544439
2.09046588364986,1.00653095816062,1.49611430319999,2.91575627706181
1.01264407048798,2.06735697170864,0.553638766039194,1.86926793121863
0.833244564041961,-0.0921328629412123,1.64924144777556,4.35822967067234
3.34164509454531,2.59617406813928,1.33708465274252,6.2351381039403
4.04388372738974,1.50476689812676,3.10264077314581,6.91425770865913
6.93447013535308,1.30466005109077,4.02120509598928,8.55442742985554
3.71470063132644,0.81439280498355,0.955023581811529,5.05135389597443
-3.31395707544009,-1.22068333850988,-2.79858760527582,-5.99906457442276
4.63426289779945,3.50005419852555,6.78607035517744,12.311836295404
9.74874724260622,3.4230715382083,10.4337632292083,19.4946491169497
9.7664050740413,3.93177806810112,8.28331875669143,19.058444247559
1.84414712755508,2.98661956035303,2.117561490095,5.59073246847798
-1.19110617455028,-0.729452437098406,-1.69054947455315,-2.62565262943395
14.8322419674611,8.22182111566115,15.3746011900156,33.983433488617
4.35031223008232,1.94822079366384,1.30146229861152,7.62514336610735
4.61019499957753,2.30651461463726,4.75286432888742,10.0056645420053
6.68229675479259,3.72839258400153,6.19570960124727,12.781573999404
-1.45615782647648,-0.417117070439233,-1.94620136028936,-1.25182210744146
2.08712355523485,1.15100156657536,-0.070244762500062,1.67790003045172
-1.16176962116004,-0.750681295723758,-1.31498844223515,-2.1209910802471
2.22762154395762,-1.63405011781991,-0.971652427841078,1.45028287764235
5.47539773201824,4.90635436634282,6.36911693507261,13.0627615085945
-0.458837831947648,1.86100529226921,-0.275075681493509,0.561313007768814
7.35993071746925,2.87888361701539,6.7423450073381,14.7117562204726
6.15737611526934,3.2105805355247,6.52255803577305,13.3899168048831
1.38313989751744,2.36684525347122,1.69750791108008,4.25527305565813
5.90529976952425,4.25093990781433,5.23454149073654,12.2346422600407
7.99232464997537,5.57276394373346,7.80809277491615,17.5658806546087
9.24438101304697,3.85044358836369,7.76215564977878,17.7517854491534
4.14860688541389,4.95157153890491,3.83720717728116,11.7964290703708
4.62545282435582,1.47926645240758,3.21877016795605,7.48173654688118
4.6531434600723,3.38048807191944,4.83469880966746,12.1820278814505
10.7658470242202,5.82419949255578,10.3052760224527,20.1236861069056
9.50028756911198,4.64643346659396,9.43591394555138,18.6063088023701
8.33760627102816,4.08938733733306,9.40208135382213,16.4621084182581
3.85063680063723,1.23392158778761,3.77944468917012,8.09369248752789
6.49296573666562,5.16914266408962,8.85301301992701,17.2686035625887
6.61316132488278,3.69609389020414,5.86454131132768,11.6470420719212
0.833306822842711,0.975871360635733,2.65698570730813,4.20089277782107
-1.91321806128297,-0.446976197580451,-0.809990943088937,-3.12439154540648
7.56732011060646,3.70848930224237,5.94048895478827,14.7180011552531
-1.11724212472169,-1.39264230711589,-0.93600252712938,-3.93767796575766
5.00673475393684,3.05709368665238,3.77179904645555,10.7719239359384
6.00099128539332,1.20685619273773,5.94607573940508,11.3230853905798
7.25546956122353,2.50916783777615,5.83969185221421,11.8224677861475
5.75770495005924,2.10245578009124,4.92190014934681,10.6978410280988
2.0685847748115,0.255613524733396,0.928325966897192,2.82492887472986
8.94546343958185,4.879920536358,7.86438855428557,17.2249191234183
11.954535067625,7.87575508213723,14.2784057685226,25.8428273851735
8.52471523570177,3.04703347378592,8.68180237707725,16.2593622250397
-2.7746036052959,-0.65362578205134,-1.42630103000261,-3.60352242785629
10.5983047416118,6.49869712412693,10.849143836096,20.8621888715134
4.77577621525493,1.69835590533859,5.10218849935473,10.2944378270456
7.09965711727716,3.7970291571161,7.69615861525961,17.0322256050958
7.48813294348424,4.86767737436418,9.53940440584047,18.9350813850774
4.61325570717318,2.3511187510392,5.43988212657451,9.53893018124896
4.69894720940509,2.42878925745133,4.37684976820597,8.86735665281795
9.0766282773236,5.14604092987242,8.79027802147684,18.2013466937351
7.84640768994498,4.16319059163922,7.15920085801135,16.445393377614
8.96104898417692,4.22487160214924,8.08505767310105,17.4328906097204
14.5317067809213,7.42723837099976,13.7254615986997,27.800556082816
7.65766345477635,6.01167151977464,9.81136900278886,17.2489842454945
5.82952462954123,4.08843099437664,3.66368714189928,11.5851533235426
-3.84253244230248,-2.53586329397886,-4.62973476785255,-9.51506136174645
15.7668560129845,6.93851038416091,14.4598856098663,30.8869025766891
3.06929271281477,1.47466411572478,1.57425271270421,5.34474517981814
14.4989388603816,8.87824413113877,16.4693899389526,33.1146737299776
6.49857427201995,3.84196625442693,6.31264198651439,14.9984227593947
11.1537207955872,5.17535516095293,9.26667219305253,19.1602414393916
4.56115871529504,3.46281392546554,4.04344289794756,11.0924783247215
7.0458830187925,3.68957112067336,7.83653835225621,16.2287116991737
5.85583191856905,2.10723745999311,7.30861134754938,12.6578123560524
4.25551720250602,2.8889510554648,4.38664221529315,9.56206352236308
4.51842470151003,4.08335516093382,5.42230655963787,12.0309068242844
9.05133734337702,5.26013696982134,8.02261605921397,18.9101074823119
4.194167412114,2.58908407719593,5.77876840887987,8.55282395122321
-3.1507299777632,-1.93160811729866,-2.276392424103,-3.47767365695371
4.21644300468069,2.97662003320987,1.97764131073813,5.74952902329806
7.1591624221451,2.80901067618216,5.80616323319337,10.6408863101767
7.46582286540576,2.37976240822199,6.25842796611934,14.6781881695456
7.46627126990974,3.98978286646111,6.10230458144879,12.5450501537645
-1.76840608347633,-0.618796547537201,-1.7478291253644,-3.12802076897054
6.47496823204478,5.9025396480252,6.33696231675333,13.3089297849152
8.87143683978825,3.51937111200223,8.46493009295652,15.1737080514756
10.1063147258706,5.52406368628436,10.3056613915033,20.6440484495595
4.10015491582354,3.15513055153396,5.43975650529677,11.345517547745
3.71242965526879,3.20680767175028,4.76020634409023,10.0572932930876
10.9513513275122,5.76495117909675,12.4019469615461,23.1108354552763
-1.67171218311728,-1.27911223298789,-2.13450630969295,-3.5448012214952
3.2526800923475,1.86055599430376,0.938520357615058,4.9447118153168
6.82984831742982,5.65468015065207,7.73645903191478,16.2912704867847
-1.47109506152491,0.0471914774133803,-0.191337074832697,-1.35601048435317
6.11851144972703,1.31477865230544,4.59898818149756,10.7559055976451
12.5114560842088,7.97918717075463,14.3885769697197,26.9471534293778
4.98375738625464,3.3323813540424,6.45906639395412,12.7526153509173
3.88618390014565,2.2095201782353,4.51633144803295,8.59206828491237
6.89964685613622,3.73195980695801,6.87248493632643,14.0414115013437
3.88371131685077,2.09206593863198,3.25798019459837,8.6413557041589
8.25360149631626,4.68336022911338,8.02456345741793,16.6219182597754
8.61774185779878,4.10500399586237,8.70101693082725,16.5056908196559
5.01076664492048,3.08239457412025,6.21331040557692,10.5063834156131
0.293231369001091,-0.484740340320195,-0.262834334355099,1.01002928212679
-0.272882909836351,0.363705420356581,-0.710243910973155,-2.93924744833783
2.62801053737873,2.72084268935581,6.02319516889573,9.155491007247
8.18952200219934,4.90396711475347,8.85506184630095,18.1813011974572
-2.8328206986277,-0.0826606728627375,-2.91826835134196,-6.09224696860985
-2.54530063493018,-2.06351907926771,-1.68939302210741,-4.28645012493296
2.38488070095959,1.54723313495239,2.61088820583555,6.49033184971218
6.57757939192234,4.20603999868323,7.71679374706105,13.0414875803309
1.34573580734003,-0.0951369640632687,1.0514232309233,1.40113062463738
8.54699614838424,6.13931241125058,9.08828155312452,21.3153526960504
6.33347988062073,2.4319319293251,5.84907466388055,11.5045609538169
4.31744152704556,2.62323947202862,4.88788768170401,8.76768246647264
8.27531254612712,4.58948860341864,7.51636877929998,15.6094128262226
6.55346065127747,3.69840062760559,5.81572321639657,12.6747765128464
3.21625989115138,1.69770536193222,2.99697747801878,7.01201472380113
5.92445973767264,3.71216665598252,6.29163671916291,12.2849401106758
7.59005343191037,3.06386222405772,6.59585441356978,14.5886925711768
6.42513337944819,2.22320250150087,6.05787763506786,13.2684613727507
2.36795916820208,0.829410945987796,0.96036793687316,4.15976286000433
8.42080882025677,4.4530803062806,6.64705202916592,16.7906329077776
9.61174490223446,6.36262027147428,12.0907432630602,21.9275782192
6.10509822617335,4.94000325295122,7.28123520916329,14.7539025492796
5.57641864984875,3.40769078746912,5.27060750189465,12.5464424538673
4.69749967688065,3.03034146113347,4.59546687104379,10.2780742620058
13.6456633852112,6.87918680896613,13.9551881582788,28.3589461766092
6.10526212854317,3.40068414832462,5.84267266849024,12.7440584091346
4.36682388520022,1.07886608149832,3.90753622065367,8.37706157645095
-5.03167120878902,-1.92590187549874,-4.67631897260998,-8.91917268172563
-1.26112706012213,-0.86611711235481,-1.76737766199333,-3.93848100915769
4.68930719755774,2.97933237187942,5.53459001910241,11.228975395653
5.82517617937239,2.86660675053169,5.76657071501168,11.5235785705083
6.10748983544646,2.69212918288678,7.15330140992328,15.162175281182
8.28602712179447,4.22390218409519,6.77423353386151,15.1244649848326
4.22339036271817,2.04479027072538,3.92993024261108,8.82510534624597
9.85835517793025,6.32375579680749,9.93283867925315,18.7525788428411
1.31393582852169,1.16617599669797,0.420494511009127,1.83864480790291
0.166229118227734,0.815605985267083,1.72180797427705,1.6778308839325
0.0840552897847431,-0.898825940908405,-0.40871399158644,1.13815032653546
7.96918809674607,5.78141575800105,7.04502575724816,16.5034199725986
4.6683202306431,2.79353055648231,4.11323474955768,9.78663332259359
8.159271687282,3.52335444023775,6.35730048450557,15.2233567444821
3.92917431377166,2.57363380233265,5.28023628468235,9.30239861351344
2.63243159114875,2.48664982541925,5.98322192906207,9.84369307434727
3.52658969949398,0.679617711445427,2.16733424431844,7.48759205497282
-2.41046729696692,0.784873321547103,-1.29634345601527,-1.38376770311085
0.321538958343541,0.302738773993408,0.784155195556906,2.50189417691575
-0.768138585433801,1.03710148793174,3.0607090950697,2.26096081907246
9.21728908790139,4.98090586303961,6.48065148300747,16.9098181699838
2.6106796345488,1.27291697270768,1.99858292127205,5.50303424446689
8.15783941116072,2.54399965895349,5.75941318433873,12.9500212340956
11.0659624067678,4.73280898479672,9.96219089027524,21.2993317755431
4.23290076356023,2.37511008186268,3.9470964360789,11.2320071609161
6.1355156254094,4.19561035782184,5.68987643007008,11.87722762373
-2.00427007758431,-2.58381369294673,-0.577324611506484,-2.50975924674195
1.72532088992079,2.53810155728464,2.85954727235835,4.68812483572721
5.22485939753135,4.31142016306865,8.54605557141303,15.3805857532745
6.19634761334461,2.25485755076136,6.4708503935621,11.3835682444492
1.96240753080447,1.75350432759535,0.958594070079163,4.69318466629515
15.7394359969072,7.13607878509939,13.8568042538097,28.3221920184556
3.16643944363044,1.75801974312694,3.49585974318403,7.25881036729468
5.25697422652015,3.85714985210676,5.07276804942394,13.1949400474909
7.59916746861407,4.96792338200581,8.29309757701813,16.7569069184717
4.89592546090402,1.89878812681853,5.28237179219612,10.1824707447465
2.42573045189154,1.12622877147021,2.82436020637536,7.34327418428089
9.18122265585322,3.91444775692944,8.33600561997404,20.1396077006107
11.4621812928288,6.37063430631932,10.600951230891,26.0127078611045
4.88122411580066,1.18153689346656,2.68937256971316,7.06198635214579
7.24906938161226,1.29520924925477,6.19693758021412,11.3874609682445
4.61035000598948,4.0749872848676,6.37930788812862,13.1560346859289
9.06582087080865,7.10638334839905,9.91162993304588,21.4596681785358
0.375330422960588,0.0326316712414657,1.20802654969007,3.44931711707439
14.2834408959779,8.20282293508384,16.6501027466029,32.0137949909956
2.58587500884665,1.5854347207136,4.83003327670293,8.05997401987687
-0.835397657752369,1.35661497083981,-0.350866899460503,2.14638100810732
3.59632869122772,2.65230827818324,4.5449672484856,9.25330736749912
5.58683393658001,3.29708093340615,4.88689252078834,12.1646011303504
11.4944848307209,4.24810596359459,11.0289871295937,22.7519609133661
8.64483870708528,5.70537503434039,8.93987515804547,18.8316173240436
5.56983372818315,2.73406324904472,5.67126157012387,11.0586669492085
-0.55793409595264,-1.38245713269135,-1.92669850936264,-2.9149076270302
1.53584902131155,0.866127845742442,2.93407394520521,2.55079011343178
4.34686027108282,2.34665197574911,4.22353021450797,10.7208026151716
15.2121044538424,8.96525909958734,14.7405907137328,29.4012376701361
-2.44091029687366,-2.08785118070083,-2.73684630803868,-5.87744120312591
9.52421860738409,4.5044656763736,9.10322408135112,18.5705587100717
2.89106297106432,3.23365141391532,5.54112019956591,11.1866834328354
11.6639635999497,7.49064756874487,10.7883019171701,24.1044519917575
0.443197440106381,1.68481326395555,3.95753516389232,6.56029790521364
5.57449293865099,4.74877041467338,5.52588663928307,12.4290763556885
0.601796233188996,0.804929096424394,1.11582962390057,4.47428324404447
8.6140657054467,4.02514916585358,5.8784650755153,15.6813580138615
10.9351179549523,6.32276303933959,10.1960575047737,22.8749570027037
12.8028840256046,7.76016513862823,13.7470520877789,28.8237903634245
8.19040263035807,6.80883458665009,9.79345549901262,18.1730541021131
12.3730650183113,4.52155017644446,11.4735500449679,23.4249483461057
9.98569563464659,5.56608352039011,9.35958687056171,20.5091439017092
4.47250035270394,3.19104475922162,2.79834291383995,7.59106066214794
6.9081489531388,3.69947582120902,5.60533508803631,13.3056108584272
1.11202315409627,-0.701810671436979,0.27469923029245,0.350153030659985
4.25919132239602,3.17109655328426,5.35078309480912,10.8894126908311
9.88385483339529,4.46284167543372,10.1713092506222,18.0971733296702
7.1651365739294,4.38842978579521,6.97663364057889,15.4854289135498
6.82942932650132,4.62226636926851,7.02502592533155,14.2958984233262
0.847475841251179,2.00769493110018,1.5179438796498,4.87595500024016
2.58194707866353,0.0331097419461974,1.98754791228887,2.00648403137465
1.94157594498573,2.35252982067198,4.32622744597077,7.40939932093248
6.581183480054,2.83361038308098,5.32424984667886,11.9918463049478
1.03796947813376,-0.470034734782079,0.366322275795007,2.50667312560735
7.24816556039621,5.23840344611754,7.87951653702341,14.6371260687332
0.534334352265832,1.71342714939789,-0.141344861218536,1.16983617827676
12.3141218325415,6.21447764856572,10.8139919483386,24.6668106295116
6.84236539791242,4.48072340519455,7.35030562460598,16.0130497707102
2.19598555098692,0.537667034070399,2.37579944323905,5.14520908926563
5.96418373000489,3.1310602859504,7.09455798429697,13.8813697101641
3.59018720308818,2.00137036778322,3.10153967397097,5.3621076328812
6.48459183903863,3.26155586501531,7.86928290319248,15.7482362397276
5.9741308750412,4.02116417401784,5.34146186048627,12.7582501550214
0.943543309354102,2.309099190173,0.15911852418188,0.60585233099452
1.83474448472212,0.761601179582158,-0.37549306101063,1.87867094443489
6.19837473895825,3.3665289171234,7.33658207826712,15.2260623254074
11.5562076350062,7.71486116666862,12.3821352502747,26.3623496346268
9.33846803468369,4.64019204681531,8.81355956874286,17.9295513272216
2.50173010552762,-1.05317311784329,1.00164978923461,3.8600751458791
8.30369160658998,4.96582958974292,10.1403799204319,18.7724369766261
4.80572658897485,1.81639528337617,5.69346630843565,11.0168888773418
6.20525460687362,2.40408889743288,4.5416089912088,12.1083443574177
6.04144596294623,4.74153979505797,5.1696633904935,13.2994690053577
15.3017990548936,10.398897534462,17.2045335746794,33.6816149233069
0.258844757651103,-0.610360162577992,0.592684235685853,1.85825436086884
5.40367943605143,4.03286489969247,5.33692897148355,13.8188146659318
-2.11990915187046,-0.854102414304864,-1.37489045133355,-4.06082589683064
7.35934369183503,4.12147930513796,5.08672602255101,13.2197827570235
9.38643388688562,6.21545364489921,9.04657492304275,21.0847268931958
10.7826489644046,5.90499900064337,11.0788617014836,21.6177038374905
-2.70058100734848,-1.901655857535,-2.8214374368378,-7.40400297710962
6.65107798877612,3.1551301196452,4.92324324343901,11.5512205395374
11.3734798055346,6.67287515806618,12.514666186652,26.1454962402042
3.34393654783079,-0.363979057944507,3.53813132763152,4.50686283907414
4.1513978716722,3.47094331768457,3.70740634671013,8.94238540326671
4.85385111118103,1.15977545675828,3.87357021417054,9.71947544953164
6.46007500573214,3.55196856568445,7.201712120261,14.3370949973575
7.66063950298388,3.93996077389998,8.38252536602923,17.2170637613554
10.2712835348459,6.72871125344731,10.0726317250175,23.7683983245197
4.61804963822003,2.79787413416664,3.76517799031243,10.3427498361034
5.78511218188988,3.29449522585015,6.17640908777791,13.3729838417893
14.9519915088858,8.47413156330152,12.6958397980382,29.5615116531446
6.72439571245996,2.83518330003955,5.17958330045855,10.8521515960405
5.75501243731933,2.98160736259329,6.47025822718336,13.7232430440043
-0.368972501133795,1.29309816324087,-1.38590991523896,0.383889919568852
5.01142419048891,3.4891857162243,4.03173495199348,10.7155571200466
4.11469538733248,1.08185098691371,3.25634869461378,7.44022113969656
4.9558166807625,3.41586470779213,4.94472317917889,9.4391655708249
2.69832943491533,0.271575092853946,0.195168917411697,3.18157313168724
2.2527373902292,0.828057891394929,2.65126184493791,6.69110762172562
2.11690547271951,2.56937312021676,1.7429184202199,4.56971927668602
4.1419819384009,0.1199457937546,2.88549542261439,4.32147981035433
10.4725305921145,3.75725110517643,9.09316753936732,21.5218593664512
9.19634650623731,6.19954592594508,10.403507132253,20.262827655441
3.56009952822777,1.26525698006123,3.15211855410509,8.31256843009639
-1.74366581815496,0.671874109501432,-0.932411802060842,-0.58211464611049
1.62166628585619,0.942582942171987,3.52667279958776,7.52617163391179
3.16895786703797,2.31225461188191,3.88348218308988,7.86714432408364
5.41455201691322,3.82055489808585,6.48635836975329,12.6011636513525
2.34957089719674,0.823573579238327,2.67887490717065,7.36349785673601
13.0267227633276,6.50877045851717,13.1018892528976,29.2061766014596
3.9109298623266,1.84036776151766,5.22714489812924,9.8196176115097
0.144222119041961,3.18819533554336,1.7322385740378,4.29112606782173
4.43495297086995,2.64362355453255,4.79340719793991,10.8390223855107
0.978489673626345,1.26204525992426,3.58256294759627,4.45728151920083
5.62462282910131,2.7715578736097,4.83997277240334,11.6159998654748
5.93453445635948,3.02547658552513,7.18702228970406,12.3436991745675
6.42235044651354,4.88992989211408,6.37282424293696,13.9504045738278
-1.48743303649686,-0.78260018778582,0.548650423411543,0.288139079799416
5.8828451638826,3.26155888470206,5.11589893933213,10.8519764151158
6.24180032216658,3.79786232522436,5.47238188374201,13.7183340965934
-0.684433790017951,-0.473940640046852,0.523968913858488,0.74227547805348
8.82146255892165,6.66979543563786,10.6713461949383,22.8837499265838
8.13668351637735,2.9398821459675,7.87250145565398,18.4573229979966
14.1984774446178,9.41053170215452,15.044707444584,30.3548867680279
5.62681194950291,2.76181408587228,5.68572119126427,12.2444536823876
5.186934110072,4.25058670188549,8.1163840046443,16.3750414506838
5.38634333632975,0.993994257157402,2.79164951926963,8.15681030397276
5.2790649236012,3.89561308322905,4.65818203937677,10.4684080226739
-2.39389110135067,-0.0205142856984684,-2.9930350489914,-5.31823796309017
-1.68450823456897,-1.81347108884457,-0.92906026920659,-1.0913103193967
4.68984413283519,1.87659818792796,4.05098385808136,12.143109738119
2.67573047773401,1.83139008433722,2.74569707509594,4.95378546076279
5.2189461002297,4.05330847891186,7.74155400978977,14.2071853411682
-3.44483349304213,-2.18841605054974,-4.04252056846735,-9.08886791112137
-0.994793018107031,-0.421522508106814,1.41795769463928,0.811019453402625
0.59406624424503,2.16838005709985,0.0496515045134491,1.95235154601525
8.94423288424099,3.644769201269,9.63296679395653,18.4974539992106
0.606039971639534,1.55081396653663,1.6550680662483,6.87870688582268
1.80194418569388,1.64974028208184,1.75877049903584,2.83587639278486
5.31949527469621,1.85393310879178,4.56049265295746,10.4909355547415
3.70901455269956,1.486639434176,4.9125020385345,10.9796363973999
5.58566871467185,3.87611186763812,7.82221049370393,13.6009644845549
14.2202479281828,7.65908339680351,12.0374006449732,26.322097705312
0.501585314967054,1.975890934951,5.2022592571452,6.82680749690989
3.77812144036078,1.5872767580888,6.3740603071125,11.7721791274909
2.93296220102507,0.0519934041330576,1.60121622466289,3.9069105970105
11.0495817073298,6.87261778014317,11.2001959894748,22.3124628995431
1.92206030843889,0.652408535785316,1.04174439270954,3.45132157181196
4.67165238489713,2.75616671927112,4.64593883161434,7.6509837662004
8.14853445729083,6.09330904249722,9.66447402342261,17.6022934672268
0.765637856206401,0.432404875792005,0.965848033664101,3.54497179844717
11.620703262968,7.659906958881,12.2756534615429,25.9911735904225
7.70304966189698,3.05438518101605,8.64601571680194,13.6676892672922
0.703173561878582,1.57709801705553,-1.04348482459616,1.81080082626715
6.81831123623095,3.95595482998647,6.3102079282129,11.2416545994296
4.14677142706773,1.63661417418241,3.97990608442779,7.84493866793451
6.25291508797734,2.14644860509901,4.68885416308419,11.3695587925675
4.64009921193735,2.69669326956318,5.86347894745348,9.39305687992642
9.28206414711337,5.19619683601077,8.70548711465052,20.3993048033221
-0.404401542813337,0.37524604562801,-0.467556226305372,1.43823273738567
2.90953321121634,2.29162262783972,4.59039754235413,7.52413081654429
4.0032372889784,1.84113307851249,4.74055612190878,10.4189964798671
